{
  "nodes": [
    {
      "name": "0",
      "parameter": 12.736880220413964,
      "initialConcentration": 1.0,
      "type": 1,
      "protectedSequence": false,
      "DNAString": "",
      "reporter": false,
      "hasPseudoTemplate": false,
      "pseudoTemplateConcentration": 0.0
    },
    {
      "name": "1",
      "parameter": 8.505431479566628,
      "initialConcentration": 1.0,
      "type": 1,
      "protectedSequence": false,
      "DNAString": "",
      "reporter": false,
      "hasPseudoTemplate": false,
      "pseudoTemplateConcentration": 0.0
    },
    {
      "name": "2",
      "parameter": 133.70317010543573,
      "initialConcentration": 1.0,
      "type": 1,
      "protectedSequence": false,
      "DNAString": "",
      "reporter": false,
      "hasPseudoTemplate": false,
      "pseudoTemplateConcentration": 0.0
    },
    {
      "name": "3",
      "parameter": 16.162558449942317,
      "initialConcentration": 1.0,
      "type": 1,
      "protectedSequence": false,
      "DNAString": "",
      "reporter": false,
      "hasPseudoTemplate": false,
      "pseudoTemplateConcentration": 0.0
    },
    {
      "name": "4",
      "parameter": 348.73869345757856,
      "initialConcentration": 1.0,
      "type": 1,
      "protectedSequence": false,
      "DNAString": "",
      "reporter": false,
      "hasPseudoTemplate": false,
      "pseudoTemplateConcentration": 0.0
    },
    {
      "name": "5",
      "parameter": 45.7035176096538,
      "initialConcentration": 1.0,
      "type": 1,
      "protectedSequence": false,
      "DNAString": "",
      "reporter": false,
      "hasPseudoTemplate": false,
      "pseudoTemplateConcentration": 0.0
    },
    {
      "name": "I2T2",
      "parameter": 0.0,
      "initialConcentration": 0.0,
      "type": 2,
      "protectedSequence": false,
      "DNAString": "",
      "reporter": false,
      "hasPseudoTemplate": false,
      "pseudoTemplateConcentration": 0.0
    },
    {
      "name": "I2T3",
      "parameter": 0.0,
      "initialConcentration": 0.0,
      "type": 2,
      "protectedSequence": false,
      "DNAString": "",
      "reporter": false,
      "hasPseudoTemplate": false,
      "pseudoTemplateConcentration": 0.0
    },
    {
      "name": "I5T3",
      "parameter": 0.0,
      "initialConcentration": 0.0,
      "type": 2,
      "protectedSequence": false,
      "DNAString": "",
      "reporter": false,
      "hasPseudoTemplate": false,
      "pseudoTemplateConcentration": 0.0
    },
    {
      "name": "I4T4",
      "parameter": 0.0,
      "initialConcentration": 0.0,
      "type": 2,
      "protectedSequence": false,
      "DNAString": "",
      "reporter": false,
      "hasPseudoTemplate": false,
      "pseudoTemplateConcentration": 0.0
    },
    {
      "name": "I0T3",
      "parameter": 0.0,
      "initialConcentration": 0.0,
      "type": 2,
      "protectedSequence": false,
      "DNAString": "",
      "reporter": false,
      "hasPseudoTemplate": false,
      "pseudoTemplateConcentration": 0.0
    }
  ],
  "connections": [
    {
      "innovation": 0,
      "enabled": true,
      "parameter": 2.780576701661434,
      "from": "0",
      "to": "3"
    },
    {
      "innovation": 1,
      "enabled": true,
      "parameter": 42.59270381781816,
      "from": "1",
      "to": "3"
    },
    {
      "innovation": 2,
      "enabled": true,
      "parameter": 29.3163077884045,
      "from": "2",
      "to": "2"
    },
    {
      "innovation": 3,
      "enabled": true,
      "parameter": 41.62604140334902,
      "from": "2",
      "to": "3"
    },
    {
      "innovation": 4,
      "enabled": true,
      "parameter": 4.04826832174966,
      "from": "4",
      "to": "4"
    },
    {
      "innovation": 5,
      "enabled": true,
      "parameter": 60.76506117851228,
      "from": "5",
      "to": "3"
    },
    {
      "innovation": 6,
      "enabled": true,
      "parameter": 109.69696608236346,
      "from": "5",
      "to": "5"
    },
    {
      "innovation": 7,
      "enabled": true,
      "parameter": 11.70710130574046,
      "from": "0",
      "to": "I2T2"
    },
    {
      "innovation": 8,
      "enabled": true,
      "parameter": 7.905294268742889,
      "from": "1",
      "to": "I2T2"
    },
    {
      "innovation": 9,
      "enabled": true,
      "parameter": 19.886170611891377,
      "from": "1",
      "to": "I2T3"
    },
    {
      "innovation": 10,
      "enabled": true,
      "parameter": 41.82715761398251,
      "from": "2",
      "to": "I5T3"
    },
    {
      "innovation": 11,
      "enabled": true,
      "parameter": 4.04199943973981,
      "from": "3",
      "to": "I4T4"
    },
    {
      "innovation": 12,
      "enabled": true,
      "parameter": 8.870901495522718,
      "from": "4",
      "to": "I0T3"
    }
  ],
  "parameters": {
    "nick": 10.0,
    "pol": 10.0,
    "exo": 10.0
  }
}