{
  "nodes": [
    {
      "name": "0",
      "parameter": 76.13223808640757,
      "initialConcentration": 1.0,
      "type": 1,
      "protectedSequence": false,
      "DNAString": "",
      "reporter": false,
      "hasPseudoTemplate": false,
      "pseudoTemplateConcentration": 0.0
    },
    {
      "name": "1",
      "parameter": 69.13325633856246,
      "initialConcentration": 1.0,
      "type": 1,
      "protectedSequence": false,
      "DNAString": "",
      "reporter": false,
      "hasPseudoTemplate": false,
      "pseudoTemplateConcentration": 0.0
    },
    {
      "name": "2",
      "parameter": 1000.0,
      "initialConcentration": 1.0,
      "type": 1,
      "protectedSequence": false,
      "DNAString": "",
      "reporter": false,
      "hasPseudoTemplate": false,
      "pseudoTemplateConcentration": 0.0
    },
    {
      "name": "3",
      "parameter": 28.327056292699666,
      "initialConcentration": 1.0,
      "type": 1,
      "protectedSequence": false,
      "DNAString": "",
      "reporter": false,
      "hasPseudoTemplate": false,
      "pseudoTemplateConcentration": 0.0
    },
    {
      "name": "I3T3",
      "parameter": 0.0,
      "initialConcentration": 0.0,
      "type": 2,
      "protectedSequence": false,
      "DNAString": "",
      "reporter": false,
      "hasPseudoTemplate": false,
      "pseudoTemplateConcentration": 0.0
    },
    {
      "name": "I1T2",
      "parameter": 0.0,
      "initialConcentration": 0.0,
      "type": 2,
      "protectedSequence": false,
      "DNAString": "",
      "reporter": false,
      "hasPseudoTemplate": false,
      "pseudoTemplateConcentration": 0.0
    }
  ],
  "connections": [
    {
      "innovation": 0,
      "enabled": true,
      "parameter": 13.241568588413092,
      "from": "1",
      "to": "2"
    },
    {
      "innovation": 1,
      "enabled": true,
      "parameter": 2.408026269972324,
      "from": "2",
      "to": "2"
    },
    {
      "innovation": 2,
      "enabled": true,
      "parameter": 6.473138917394497,
      "from": "3",
      "to": "3"
    },
    {
      "innovation": 3,
      "enabled": true,
      "parameter": 10.504716581930547,
      "from": "0",
      "to": "I3T3"
    },
    {
      "innovation": 4,
      "enabled": true,
      "parameter": 115.67346707570411,
      "from": "3",
      "to": "I1T2"
    }
  ],
  "parameters": {
    "nick": 10.0,
    "pol": 10.0,
    "exo": 10.0
  }
}
