{
  "nodes": [
    {
      "name": "0",
      "parameter": 255.8223823411358,
      "initialConcentration": 1.0,
      "type": 1,
      "protectedSequence": false,
      "DNAString": "",
      "reporter": false,
      "hasPseudoTemplate": false,
      "pseudoTemplateConcentration": 0.0
    },
    {
      "name": "1",
      "parameter": 7.8372340759513115,
      "initialConcentration": 1.0,
      "type": 1,
      "protectedSequence": false,
      "DNAString": "",
      "reporter": false,
      "hasPseudoTemplate": false,
      "pseudoTemplateConcentration": 0.0
    },
    {
      "name": "2",
      "parameter": 6.391336581452467,
      "initialConcentration": 1.0,
      "type": 1,
      "protectedSequence": false,
      "DNAString": "",
      "reporter": false,
      "hasPseudoTemplate": false,
      "pseudoTemplateConcentration": 0.0
    },
    {
      "name": "3",
      "parameter": 7.4002464821085265,
      "initialConcentration": 1.0,
      "type": 1,
      "protectedSequence": false,
      "DNAString": "",
      "reporter": false,
      "hasPseudoTemplate": false,
      "pseudoTemplateConcentration": 0.0
    },
    {
      "name": "4",
      "parameter": 25.31443057445072,
      "initialConcentration": 1.0,
      "type": 1,
      "protectedSequence": false,
      "DNAString": "",
      "reporter": false,
      "hasPseudoTemplate": false,
      "pseudoTemplateConcentration": 0.0
    },
    {
      "name": "5",
      "parameter": 19.706346085163897,
      "initialConcentration": 1.0,
      "type": 1,
      "protectedSequence": false,
      "DNAString": "",
      "reporter": false,
      "hasPseudoTemplate": false,
      "pseudoTemplateConcentration": 0.0
    },
    {
      "name": "I2T3",
      "parameter": 0.0,
      "initialConcentration": 0.0,
      "type": 2,
      "protectedSequence": false,
      "DNAString": "",
      "reporter": false,
      "hasPseudoTemplate": false,
      "pseudoTemplateConcentration": 0.0
    },
    {
      "name": "I4T4",
      "parameter": 0.0,
      "initialConcentration": 0.0,
      "type": 2,
      "protectedSequence": false,
      "DNAString": "",
      "reporter": false,
      "hasPseudoTemplate": false,
      "pseudoTemplateConcentration": 0.0
    },
    {
      "name": "I5T5",
      "parameter": 0.0,
      "initialConcentration": 0.0,
      "type": 2,
      "protectedSequence": false,
      "DNAString": "",
      "reporter": false,
      "hasPseudoTemplate": false,
      "pseudoTemplateConcentration": 0.0
    },
    {
      "name": "I1T2",
      "parameter": 0.0,
      "initialConcentration": 0.0,
      "type": 2,
      "protectedSequence": false,
      "DNAString": "",
      "reporter": false,
      "hasPseudoTemplate": false,
      "pseudoTemplateConcentration": 0.0
    }
  ],
  "connections": [
    {
      "innovation": 0,
      "enabled": true,
      "parameter": 20.184493831112366,
      "from": "1",
      "to": "2"
    },
    {
      "innovation": 1,
      "enabled": true,
      "parameter": 5.8118395945240025,
      "from": "2",
      "to": "3"
    },
    {
      "innovation": 2,
      "enabled": true,
      "parameter": 17.960607513634603,
      "from": "4",
      "to": "4"
    },
    {
      "innovation": 3,
      "enabled": true,
      "parameter": 1.02,
      "from": "5",
      "to": "2"
    },
    {
      "innovation": 4,
      "enabled": true,
      "parameter": 170.52683961730855,
      "from": "5",
      "to": "3"
    },
    {
      "innovation": 5,
      "enabled": true,
      "parameter": 19.657356695598736,
      "from": "5",
      "to": "4"
    },
    {
      "innovation": 6,
      "enabled": true,
      "parameter": 6.706386320900687,
      "from": "5",
      "to": "5"
    },
    {
      "innovation": 7,
      "enabled": true,
      "parameter": 68.65271616671494,
      "from": "0",
      "to": "I2T3"
    },
    {
      "innovation": 8,
      "enabled": true,
      "parameter": 1.02,
      "from": "3",
      "to": "I2T3"
    },
    {
      "innovation": 9,
      "enabled": true,
      "parameter": 200.0,
      "from": "0",
      "to": "I4T4"
    },
    {
      "innovation": 10,
      "enabled": true,
      "parameter": 1.8901125411235145,
      "from": "3",
      "to": "I5T5"
    },
    {
      "innovation": 11,
      "enabled": true,
      "parameter": 70.89254092669991,
      "from": "4",
      "to": "I1T2"
    },
    {
      "innovation": 12,
      "enabled": true,
      "parameter": 2.4296371598303805,
      "from": "5",
      "to": "I1T2"
    }
  ],
  "parameters": {
    "nick": 10.0,
    "pol": 10.0,
    "exo": 10.0
  }
}