{
  "nodes": [
    {
      "name": "0",
      "parameter": 29.50233938782627,
      "initialConcentration": 1.0,
      "type": 1,
      "protectedSequence": false,
      "DNAString": "",
      "reporter": false,
      "hasPseudoTemplate": false,
      "pseudoTemplateConcentration": 0.0
    },
    {
      "name": "1",
      "parameter": 5.1000000000000005,
      "initialConcentration": 1.0,
      "type": 1,
      "protectedSequence": false,
      "DNAString": "",
      "reporter": false,
      "hasPseudoTemplate": false,
      "pseudoTemplateConcentration": 0.0
    },
    {
      "name": "2",
      "parameter": 5.1000000000000005,
      "initialConcentration": 1.0,
      "type": 1,
      "protectedSequence": false,
      "DNAString": "",
      "reporter": false,
      "hasPseudoTemplate": false,
      "pseudoTemplateConcentration": 0.0
    },
    {
      "name": "3",
      "parameter": 292.5895198106681,
      "initialConcentration": 1.0,
      "type": 1,
      "protectedSequence": false,
      "DNAString": "",
      "reporter": false,
      "hasPseudoTemplate": false,
      "pseudoTemplateConcentration": 0.0
    },
    {
      "name": "4",
      "parameter": 195.20060454292317,
      "initialConcentration": 1.0,
      "type": 1,
      "protectedSequence": false,
      "DNAString": "",
      "reporter": false,
      "hasPseudoTemplate": false,
      "pseudoTemplateConcentration": 0.0
    },
    {
      "name": "5",
      "parameter": 7.8301511898705725,
      "initialConcentration": 1.0,
      "type": 1,
      "protectedSequence": false,
      "DNAString": "",
      "reporter": false,
      "hasPseudoTemplate": false,
      "pseudoTemplateConcentration": 0.0
    },
    {
      "name": "I1T2",
      "parameter": 0.0,
      "initialConcentration": 0.0,
      "type": 2,
      "protectedSequence": false,
      "DNAString": "",
      "reporter": false,
      "hasPseudoTemplate": false,
      "pseudoTemplateConcentration": 0.0
    },
    {
      "name": "I4T4",
      "parameter": 0.0,
      "initialConcentration": 0.0,
      "type": 2,
      "protectedSequence": false,
      "DNAString": "",
      "reporter": false,
      "hasPseudoTemplate": false,
      "pseudoTemplateConcentration": 0.0
    },
    {
      "name": "I3T3",
      "parameter": 0.0,
      "initialConcentration": 0.0,
      "type": 2,
      "protectedSequence": false,
      "DNAString": "",
      "reporter": false,
      "hasPseudoTemplate": false,
      "pseudoTemplateConcentration": 0.0
    },
    {
      "name": "I0T2",
      "parameter": 0.0,
      "initialConcentration": 0.0,
      "type": 2,
      "protectedSequence": false,
      "DNAString": "",
      "reporter": false,
      "hasPseudoTemplate": false,
      "pseudoTemplateConcentration": 0.0
    },
    {
      "name": "I5T5",
      "parameter": 0.0,
      "initialConcentration": 0.0,
      "type": 2,
      "protectedSequence": false,
      "DNAString": "",
      "reporter": false,
      "hasPseudoTemplate": false,
      "pseudoTemplateConcentration": 0.0
    }
  ],
  "connections": [
    {
      "innovation": 0,
      "enabled": true,
      "parameter": 14.920415764872494,
      "from": "0",
      "to": "2"
    },
    {
      "innovation": 1,
      "enabled": true,
      "parameter": 4.0098501961485145,
      "from": "0",
      "to": "3"
    },
    {
      "innovation": 2,
      "enabled": true,
      "parameter": 92.35171831156612,
      "from": "1",
      "to": "2"
    },
    {
      "innovation": 3,
      "enabled": true,
      "parameter": 86.92054634562876,
      "from": "3",
      "to": "3"
    },
    {
      "innovation": 4,
      "enabled": true,
      "parameter": 200.0,
      "from": "4",
      "to": "4"
    },
    {
      "innovation": 5,
      "enabled": true,
      "parameter": 1.02,
      "from": "4",
      "to": "5"
    },
    {
      "innovation": 6,
      "enabled": true,
      "parameter": 5.360510850815649,
      "from": "5",
      "to": "5"
    },
    {
      "innovation": 7,
      "enabled": true,
      "parameter": 4.955030116508884,
      "from": "0",
      "to": "I1T2"
    },
    {
      "innovation": 8,
      "enabled": true,
      "parameter": 10.740095412516904,
      "from": "3",
      "to": "I1T2"
    },
    {
      "innovation": 9,
      "enabled": true,
      "parameter": 140.02336707925073,
      "from": "4",
      "to": "I1T2"
    },
    {
      "innovation": 10,
      "enabled": true,
      "parameter": 168.78835936832385,
      "from": "0",
      "to": "I4T4"
    },
    {
      "innovation": 11,
      "enabled": true,
      "parameter": 25.165468785709972,
      "from": "3",
      "to": "I4T4"
    },
    {
      "innovation": 12,
      "enabled": true,
      "parameter": 22.964731002231638,
      "from": "2",
      "to": "I3T3"
    },
    {
      "innovation": 13,
      "enabled": true,
      "parameter": 15.783666747780487,
      "from": "3",
      "to": "I0T2"
    },
    {
      "innovation": 14,
      "enabled": true,
      "parameter": 8.52919751431067,
      "from": "4",
      "to": "I5T5"
    }
  ],
  "parameters": {
    "nick": 10.0,
    "pol": 10.0,
    "exo": 10.0
  }
}















