{
  "nodes": [
    {
      "name": "0",
      "parameter": 16.900279824645498,
      "initialConcentration": 1.0,
      "type": 1,
      "protectedSequence": false,
      "DNAString": "",
      "reporter": false,
      "hasPseudoTemplate": false,
      "pseudoTemplateConcentration": 0.0
    },
    {
      "name": "1",
      "parameter": 7.883719868311007,
      "initialConcentration": 1.0,
      "type": 1,
      "protectedSequence": false,
      "DNAString": "",
      "reporter": false,
      "hasPseudoTemplate": false,
      "pseudoTemplateConcentration": 0.0
    },
    {
      "name": "2",
      "parameter": 17.009259105035827,
      "initialConcentration": 1.0,
      "type": 1,
      "protectedSequence": false,
      "DNAString": "",
      "reporter": false,
      "hasPseudoTemplate": false,
      "pseudoTemplateConcentration": 0.0
    },
    {
      "name": "3",
      "parameter": 971.79605023059,
      "initialConcentration": 1.0,
      "type": 1,
      "protectedSequence": false,
      "DNAString": "",
      "reporter": false,
      "hasPseudoTemplate": false,
      "pseudoTemplateConcentration": 0.0
    },
    {
      "name": "4",
      "parameter": 7.809649787198977,
      "initialConcentration": 1.0,
      "type": 1,
      "protectedSequence": false,
      "DNAString": "",
      "reporter": false,
      "hasPseudoTemplate": false,
      "pseudoTemplateConcentration": 0.0
    },
    {
      "name": "5",
      "parameter": 38.69030306651014,
      "initialConcentration": 1.0,
      "type": 1,
      "protectedSequence": false,
      "DNAString": "",
      "reporter": false,
      "hasPseudoTemplate": false,
      "pseudoTemplateConcentration": 0.0
    },
    {
      "name": "I5T5",
      "parameter": 0.0,
      "initialConcentration": 0.0,
      "type": 2,
      "protectedSequence": false,
      "DNAString": "",
      "reporter": false,
      "hasPseudoTemplate": false,
      "pseudoTemplateConcentration": 0.0
    },
    {
      "name": "I3T3",
      "parameter": 0.0,
      "initialConcentration": 0.0,
      "type": 2,
      "protectedSequence": false,
      "DNAString": "",
      "reporter": false,
      "hasPseudoTemplate": false,
      "pseudoTemplateConcentration": 0.0
    },
    {
      "name": "I4T4",
      "parameter": 0.0,
      "initialConcentration": 0.0,
      "type": 2,
      "protectedSequence": false,
      "DNAString": "",
      "reporter": false,
      "hasPseudoTemplate": false,
      "pseudoTemplateConcentration": 0.0
    },
    {
      "name": "I1T2",
      "parameter": 0.0,
      "initialConcentration": 0.0,
      "type": 2,
      "protectedSequence": false,
      "DNAString": "",
      "reporter": false,
      "hasPseudoTemplate": false,
      "pseudoTemplateConcentration": 0.0
    }
  ],
  "connections": [
    {
      "innovation": 0,
      "enabled": true,
      "parameter": 141.8172023413358,
      "from": "1",
      "to": "2"
    },
    {
      "innovation": 1,
      "enabled": true,
      "parameter": 7.192185348528135,
      "from": "2",
      "to": "3"
    },
    {
      "innovation": 2,
      "enabled": true,
      "parameter": 6.68311150079243,
      "from": "3",
      "to": "3"
    },
    {
      "innovation": 3,
      "enabled": true,
      "parameter": 5.825059519366863,
      "from": "4",
      "to": "4"
    },
    {
      "innovation": 4,
      "enabled": true,
      "parameter": 20.879658556329563,
      "from": "4",
      "to": "5"
    },
    {
      "innovation": 5,
      "enabled": true,
      "parameter": 40.584325601386126,
      "from": "5",
      "to": "5"
    },
    {
      "innovation": 6,
      "enabled": true,
      "parameter": 73.39235116262142,
      "from": "0",
      "to": "I5T5"
    },
    {
      "innovation": 7,
      "enabled": true,
      "parameter": 200.0,
      "from": "2",
      "to": "I3T3"
    },
    {
      "innovation": 8,
      "enabled": true,
      "parameter": 19.736012707836164,
      "from": "2",
      "to": "I4T4"
    },
    {
      "innovation": 9,
      "enabled": true,
      "parameter": 137.60048566464704,
      "from": "5",
      "to": "I1T2"
    }
  ],
  "parameters": {
    "nick": 10.0,
    "pol": 10.0,
    "exo": 10.0
  }
}